<?xml version="1.0" encoding="UTF-8"?>
<GenRun Id="impl_1" LaunchPart="xc7a35tcpg236-1" LaunchTime="1682477361">
  <File Type="PWROPT-DCP" Name="ALU_32Bit_pwropt.dcp"/>
  <File Type="ROUTE-PWR" Name="ALU_32Bit_power_routed.rpt"/>
  <File Type="PA-TCL" Name="ALU_32Bit.tcl"/>
  <File Type="ROUTE-PWR-SUM" Name="ALU_32Bit_power_summary_routed.pb"/>
  <File Type="REPORTS-TCL" Name="ALU_32Bit_reports.tcl"/>
  <File Type="BG-DRC" Name="ALU_32Bit.drc"/>
  <File Type="OPT-DCP" Name="ALU_32Bit_opt.dcp"/>
  <File Type="OPT-HWDEF" Name="ALU_32Bit.hwdef"/>
  <File Type="OPT-DRC" Name="ALU_32Bit_drc_opted.rpt"/>
  <File Type="PLACE-DCP" Name="ALU_32Bit_placed.dcp"/>
  <File Type="PLACE-IO" Name="ALU_32Bit_io_placed.rpt"/>
  <File Type="PLACE-UTIL" Name="ALU_32Bit_utilization_placed.rpt"/>
  <File Type="PLACE-UTIL-PB" Name="ALU_32Bit_utilization_placed.pb"/>
  <File Type="PLACE-CTRL" Name="ALU_32Bit_control_sets_placed.rpt"/>
  <File Type="PLACE-PRE-SIMILARITY" Name="ALU_32Bit_incremental_reuse_pre_placed.rpt"/>
  <File Type="POSTPLACE-PWROPT-DCP" Name="ALU_32Bit_postplace_pwropt.dcp"/>
  <File Type="PHYSOPT-DCP" Name="ALU_32Bit_physopt.dcp"/>
  <File Type="BG-BIT" Name="ALU_32Bit.bit"/>
  <File Type="ROUTE-ERROR-DCP" Name="ALU_32Bit_routed_error.dcp"/>
  <File Type="ROUTE-DCP" Name="ALU_32Bit_routed.dcp"/>
  <File Type="ROUTE-BLACKBOX-DCP" Name="ALU_32Bit_routed_bb.dcp"/>
  <File Type="ROUTE-DRC" Name="ALU_32Bit_drc_routed.rpt"/>
  <File Type="ROUTE-DRC-PB" Name="ALU_32Bit_drc_routed.pb"/>
  <File Type="BITSTR-MSK" Name="ALU_32Bit.msk"/>
  <File Type="ROUTE-DRC-RPX" Name="ALU_32Bit_drc_routed.rpx"/>
  <File Type="BG-BGN" Name="ALU_32Bit.bgn"/>
  <File Type="ROUTE-METHODOLOGY-DRC" Name="ALU_32Bit_methodology_drc_routed.rpt"/>
  <File Type="BITSTR-RBT" Name="ALU_32Bit.rbt"/>
  <File Type="ROUTE-METHODOLOGY-DRC-RPX" Name="ALU_32Bit_methodology_drc_routed.rpx"/>
  <File Type="BG-BIN" Name="ALU_32Bit.bin"/>
  <File Type="ROUTE-METHODOLOGY-DRC-PB" Name="ALU_32Bit_methodology_drc_routed.pb"/>
  <File Type="ROUTE-PWR-RPX" Name="ALU_32Bit_power_routed.rpx"/>
  <File Type="ROUTE-STATUS" Name="ALU_32Bit_route_status.rpt"/>
  <File Type="ROUTE-STATUS-PB" Name="ALU_32Bit_route_status.pb"/>
  <File Type="ROUTE-TIMINGSUMMARY" Name="ALU_32Bit_timing_summary_routed.rpt"/>
  <File Type="ROUTE-TIMING-PB" Name="ALU_32Bit_timing_summary_routed.pb"/>
  <File Type="ROUTE-TIMING-RPX" Name="ALU_32Bit_timing_summary_routed.rpx"/>
  <File Type="RDI-RDI" Name="ALU_32Bit.vdi"/>
  <File Type="ROUTE-CLK" Name="ALU_32Bit_clock_utilization_routed.rpt"/>
  <File Type="POSTROUTE-PHYSOPT-DCP" Name="ALU_32Bit_postroute_physopt.dcp"/>
  <File Type="POSTROUTE-PHYSOPT-BLACKBOX-DCP" Name="ALU_32Bit_postroute_physopt_bb.dcp"/>
  <File Type="BITSTR-NKY" Name="ALU_32Bit.nky"/>
  <File Type="BITSTR-BMM" Name="ALU_32Bit_bd.bmm"/>
  <File Type="BITSTR-MMI" Name="ALU_32Bit.mmi"/>
  <File Type="BITSTR-LTX" Name="ALU_32Bit.ltx"/>
  <File Type="BITSTR-SYSDEF" Name="ALU_32Bit.sysdef"/>
  <File Type="WBT-USG" Name="usage_statistics_webtalk.html"/>
  <FileSet Name="sources" Type="DesignSrcs" RelSrcDir="$PSRCDIR/sources_1">
    <Filter Type="Srcs"/>
    <File Path="$PSRCDIR/sources_1/new/ALU_LSB.vhd">
      <FileInfo>
        <Attr Name="ImportPath" Val="$PPRDIR/../../Downloads/Project2_2/Project2_2/Project2_2.srcs/sources_1/new/ALU_LSB.vhd"/>
        <Attr Name="ImportTime" Val="1682472162"/>
        <Attr Name="UsedIn" Val="synthesis"/>
        <Attr Name="UsedIn" Val="simulation"/>
      </FileInfo>
    </File>
    <File Path="$PSRCDIR/sources_1/new/ALU_MSB.vhd">
      <FileInfo>
        <Attr Name="ImportPath" Val="$PPRDIR/../../Downloads/Project2_2/Project2_2/Project2_2.srcs/sources_1/new/ALU_MSB.vhd"/>
        <Attr Name="ImportTime" Val="1682472162"/>
        <Attr Name="UsedIn" Val="synthesis"/>
        <Attr Name="UsedIn" Val="simulation"/>
      </FileInfo>
    </File>
    <File Path="$PSRCDIR/sources_1/new/FullAdder.vhd">
      <FileInfo>
        <Attr Name="ImportPath" Val="$PPRDIR/../../Downloads/Project2_2/Project2_2/Project2_2.srcs/sources_1/new/FullAdder.vhd"/>
        <Attr Name="ImportTime" Val="1682472162"/>
        <Attr Name="UsedIn" Val="synthesis"/>
        <Attr Name="UsedIn" Val="simulation"/>
      </FileInfo>
    </File>
    <File Path="$PSRCDIR/sources_1/new/ALU_32Bit.vhd">
      <FileInfo>
        <Attr Name="ImportPath" Val="$PPRDIR/../../Downloads/Project2_2/Project2_2/Project2_2.srcs/sources_1/new/ALU_32Bit.vhd"/>
        <Attr Name="ImportTime" Val="1682472162"/>
        <Attr Name="UsedIn" Val="synthesis"/>
        <Attr Name="UsedIn" Val="simulation"/>
      </FileInfo>
    </File>
    <Config>
      <Option Name="DesignMode" Val="RTL"/>
      <Option Name="TopModule" Val="ALU_32Bit"/>
      <Option Name="TopAutoSet" Val="TRUE"/>
    </Config>
  </FileSet>
  <FileSet Name="constrs_in" Type="Constrs" RelSrcDir="$PSRCDIR/constrs_1">
    <Filter Type="Constrs"/>
    <Config>
      <Option Name="ConstrsType" Val="XDC"/>
    </Config>
  </FileSet>
  <Strategy Version="1" Minor="2">
    <StratHandle Name="Vivado Implementation Defaults" Flow="Vivado Implementation 2017"/>
    <Step Id="init_design"/>
    <Step Id="opt_design"/>
    <Step Id="power_opt_design"/>
    <Step Id="place_design"/>
    <Step Id="post_place_power_opt_design"/>
    <Step Id="phys_opt_design"/>
    <Step Id="route_design"/>
    <Step Id="post_route_phys_opt_design"/>
    <Step Id="write_bitstream"/>
  </Strategy>
</GenRun>
