<?xml version="1.0" encoding="UTF-8"?>
<GenRun Id="synth_1" LaunchPart="xc7a35tcpg236-1" LaunchTime="1682477331">
  <File Type="PA-TCL" Name="ALU_32Bit.tcl"/>
  <File Type="REPORTS-TCL" Name="ALU_32Bit_reports.tcl"/>
  <File Type="RDS-RDS" Name="ALU_32Bit.vds"/>
  <File Type="RDS-UTIL" Name="ALU_32Bit_utilization_synth.rpt"/>
  <File Type="RDS-UTIL-PB" Name="ALU_32Bit_utilization_synth.pb"/>
  <File Type="RDS-DCP" Name="ALU_32Bit.dcp"/>
  <FileSet Name="sources" Type="DesignSrcs" RelSrcDir="$PSRCDIR/sources_1">
    <Filter Type="Srcs"/>
    <File Path="$PSRCDIR/sources_1/new/ALU_LSB.vhd">
      <FileInfo>
        <Attr Name="ImportPath" Val="$PPRDIR/../../Downloads/Project2_2/Project2_2/Project2_2.srcs/sources_1/new/ALU_LSB.vhd"/>
        <Attr Name="ImportTime" Val="1682472162"/>
        <Attr Name="UsedIn" Val="synthesis"/>
        <Attr Name="UsedIn" Val="simulation"/>
      </FileInfo>
    </File>
    <File Path="$PSRCDIR/sources_1/new/ALU_MSB.vhd">
      <FileInfo>
        <Attr Name="ImportPath" Val="$PPRDIR/../../Downloads/Project2_2/Project2_2/Project2_2.srcs/sources_1/new/ALU_MSB.vhd"/>
        <Attr Name="ImportTime" Val="1682472162"/>
        <Attr Name="UsedIn" Val="synthesis"/>
        <Attr Name="UsedIn" Val="simulation"/>
      </FileInfo>
    </File>
    <File Path="$PSRCDIR/sources_1/new/FullAdder.vhd">
      <FileInfo>
        <Attr Name="ImportPath" Val="$PPRDIR/../../Downloads/Project2_2/Project2_2/Project2_2.srcs/sources_1/new/FullAdder.vhd"/>
        <Attr Name="ImportTime" Val="1682472162"/>
        <Attr Name="UsedIn" Val="synthesis"/>
        <Attr Name="UsedIn" Val="simulation"/>
      </FileInfo>
    </File>
    <File Path="$PSRCDIR/sources_1/new/ALU_32Bit.vhd">
      <FileInfo>
        <Attr Name="ImportPath" Val="$PPRDIR/../../Downloads/Project2_2/Project2_2/Project2_2.srcs/sources_1/new/ALU_32Bit.vhd"/>
        <Attr Name="ImportTime" Val="1682472162"/>
        <Attr Name="UsedIn" Val="synthesis"/>
        <Attr Name="UsedIn" Val="simulation"/>
      </FileInfo>
    </File>
    <Config>
      <Option Name="DesignMode" Val="RTL"/>
      <Option Name="TopModule" Val="ALU_32Bit"/>
      <Option Name="TopAutoSet" Val="TRUE"/>
    </Config>
  </FileSet>
  <FileSet Name="constrs_in" Type="Constrs" RelSrcDir="$PSRCDIR/constrs_1">
    <Filter Type="Constrs"/>
    <Config>
      <Option Name="ConstrsType" Val="XDC"/>
    </Config>
  </FileSet>
  <Strategy Version="1" Minor="2">
    <StratHandle Name="Vivado Synthesis Defaults" Flow="Vivado Synthesis 2017"/>
    <Step Id="synth_design"/>
  </Strategy>
</GenRun>
