<?xml version="1.0" encoding="UTF-8"?>
<GenRun Id="synth_1" LaunchPart="xc7a35tcpg236-1" LaunchTime="1683665909">
  <File Type="PA-TCL" Name="TopProcessor.tcl"/>
  <File Type="RDS-PROPCONSTRS" Name="TopProcessor_drc_synth.rpt"/>
  <File Type="REPORTS-TCL" Name="TopProcessor_reports.tcl"/>
  <File Type="RDS-RDS" Name="TopProcessor.vds"/>
  <File Type="RDS-UTIL" Name="TopProcessor_utilization_synth.rpt"/>
  <File Type="RDS-UTIL-PB" Name="TopProcessor_utilization_synth.pb"/>
  <File Type="RDS-DCP" Name="TopProcessor.dcp"/>
  <File Type="VDS-TIMINGSUMMARY" Name="TopProcessor_timing_summary_synth.rpt"/>
  <File Type="VDS-TIMING-PB" Name="TopProcessor_timing_summary_synth.pb"/>
  <FileSet Name="sources" Type="DesignSrcs" RelSrcDir="$PSRCDIR/sources_1">
    <Filter Type="Srcs"/>
    <File Path="$PSRCDIR/sources_1/imports/COEN 4710/Project2_1/Project2_1.srcs/sources_1/new/ALUCONTROL.vhd">
      <FileInfo>
        <Attr Name="ImportPath" Val="$PPRDIR/../../COEN 4710/Project2_1/Project2_1.srcs/sources_1/new/ALUCONTROL.vhd"/>
        <Attr Name="ImportTime" Val="1681267834"/>
        <Attr Name="UsedIn" Val="synthesis"/>
        <Attr Name="UsedIn" Val="simulation"/>
      </FileInfo>
    </File>
    <File Path="$PSRCDIR/sources_1/imports/COEN_4710/Project2_2/Project2_2.srcs/sources_1/new/ALU_32Bit.vhd">
      <FileInfo>
        <Attr Name="ImportPath" Val="$PPRDIR/../Project2_2/Project2_2.srcs/sources_1/new/ALU_32Bit.vhd"/>
        <Attr Name="ImportTime" Val="1682468049"/>
        <Attr Name="UsedIn" Val="synthesis"/>
        <Attr Name="UsedIn" Val="simulation"/>
      </FileInfo>
    </File>
    <File Path="$PSRCDIR/sources_1/imports/COEN_4710/Project2_2/Project2_2.srcs/sources_1/new/ALU_LSB.vhd">
      <FileInfo>
        <Attr Name="ImportPath" Val="$PPRDIR/../Project2_2/Project2_2.srcs/sources_1/new/ALU_LSB.vhd"/>
        <Attr Name="ImportTime" Val="1682467144"/>
        <Attr Name="UsedIn" Val="synthesis"/>
        <Attr Name="UsedIn" Val="simulation"/>
      </FileInfo>
    </File>
    <File Path="$PSRCDIR/sources_1/imports/COEN_4710/Project2_2/Project2_2.srcs/sources_1/new/ALU_MSB.vhd">
      <FileInfo>
        <Attr Name="ImportPath" Val="$PPRDIR/../Project2_2/Project2_2.srcs/sources_1/new/ALU_MSB.vhd"/>
        <Attr Name="ImportTime" Val="1682467141"/>
        <Attr Name="UsedIn" Val="synthesis"/>
        <Attr Name="UsedIn" Val="simulation"/>
      </FileInfo>
    </File>
    <File Path="$PSRCDIR/sources_1/imports/COEN_4710/Project2_1/Project2_1.srcs/sources_1/new/Adder_32Bit.vhd">
      <FileInfo>
        <Attr Name="ImportPath" Val="$PPRDIR/../Project2_1/Project2_1.srcs/sources_1/new/Adder_32Bit.vhd"/>
        <Attr Name="ImportTime" Val="1681250675"/>
        <Attr Name="UsedIn" Val="synthesis"/>
        <Attr Name="UsedIn" Val="simulation"/>
      </FileInfo>
    </File>
    <File Path="$PSRCDIR/sources_1/imports/new/FullAdder.vhd">
      <FileInfo>
        <Attr Name="ImportPath" Val="$PPRDIR/../Project2_1/Project2_1.srcs/sources_1/new/FullAdder.vhd"/>
        <Attr Name="ImportTime" Val="1681072730"/>
        <Attr Name="UsedIn" Val="synthesis"/>
        <Attr Name="UsedIn" Val="simulation"/>
      </FileInfo>
    </File>
    <File Path="$PSRCDIR/sources_1/new/ImmGen.vhd">
      <FileInfo>
        <Attr Name="UsedIn" Val="synthesis"/>
        <Attr Name="UsedIn" Val="simulation"/>
      </FileInfo>
    </File>
    <File Path="$PSRCDIR/sources_1/imports/COEN 4710/Project2_1/Project2_1.srcs/sources_1/new/MainControl.vhd">
      <FileInfo>
        <Attr Name="ImportPath" Val="$PPRDIR/../../COEN 4710/Project2_1/Project2_1.srcs/sources_1/new/MainControl.vhd"/>
        <Attr Name="ImportTime" Val="1681267832"/>
        <Attr Name="UsedIn" Val="synthesis"/>
        <Attr Name="UsedIn" Val="simulation"/>
      </FileInfo>
    </File>
    <File Path="$PSRCDIR/sources_1/imports/COEN 4710/Project2_1/Project2_1.srcs/sources_1/new/VHDLreg.vhd">
      <FileInfo>
        <Attr Name="ImportPath" Val="$PPRDIR/../../COEN 4710/Project2_1/Project2_1.srcs/sources_1/new/VHDLreg.vhd"/>
        <Attr Name="ImportTime" Val="1681269748"/>
        <Attr Name="UsedIn" Val="synthesis"/>
        <Attr Name="UsedIn" Val="simulation"/>
      </FileInfo>
    </File>
    <File Path="$PSRCDIR/sources_1/imports/PROJECT_2_FILES/data_memory.vhd">
      <FileInfo>
        <Attr Name="ImportPath" Val="C:/Users/wills/Downloads/PROJECT_2_FILES/PROJECT_2_FILES/data_memory.vhd"/>
        <Attr Name="ImportTime" Val="1681066887"/>
        <Attr Name="UsedIn" Val="synthesis"/>
        <Attr Name="UsedIn" Val="simulation"/>
      </FileInfo>
    </File>
    <File Path="$PSRCDIR/sources_1/imports/PROJECT_2_FILES/instruction_memory.vhd">
      <FileInfo>
        <Attr Name="ImportPath" Val="C:/Users/wills/Downloads/PROJECT_2_FILES/PROJECT_2_FILES/instruction_memory.vhd"/>
        <Attr Name="ImportTime" Val="1681066887"/>
        <Attr Name="UsedIn" Val="synthesis"/>
        <Attr Name="UsedIn" Val="simulation"/>
      </FileInfo>
    </File>
    <File Path="$PSRCDIR/sources_1/imports/PROJECT_2_FILES/mux2to1.vhd">
      <FileInfo>
        <Attr Name="ImportPath" Val="C:/Users/wills/Downloads/PROJECT_2_FILES/PROJECT_2_FILES/mux2to1.vhd"/>
        <Attr Name="ImportTime" Val="1681066887"/>
        <Attr Name="UsedIn" Val="synthesis"/>
        <Attr Name="UsedIn" Val="simulation"/>
      </FileInfo>
    </File>
    <File Path="$PSRCDIR/sources_1/imports/PROJECT_2_FILES/register32bit.vhd">
      <FileInfo>
        <Attr Name="ImportPath" Val="C:/Users/wills/Downloads/PROJECT_2_FILES/PROJECT_2_FILES/register32bit.vhd"/>
        <Attr Name="ImportTime" Val="1681066887"/>
        <Attr Name="UsedIn" Val="synthesis"/>
        <Attr Name="UsedIn" Val="simulation"/>
      </FileInfo>
    </File>
    <File Path="$PSRCDIR/sources_1/new/TopProcessor.vhd">
      <FileInfo>
        <Attr Name="UsedIn" Val="synthesis"/>
        <Attr Name="UsedIn" Val="simulation"/>
      </FileInfo>
    </File>
    <Config>
      <Option Name="DesignMode" Val="RTL"/>
      <Option Name="TopModule" Val="TopProcessor"/>
      <Option Name="TopAutoSet" Val="TRUE"/>
    </Config>
  </FileSet>
  <FileSet Name="constrs_in" Type="Constrs" RelSrcDir="$PSRCDIR/constrs_1">
    <Filter Type="Constrs"/>
    <Config>
      <Option Name="ConstrsType" Val="XDC"/>
    </Config>
  </FileSet>
  <Strategy Version="1" Minor="2">
    <StratHandle Name="Vivado Synthesis Defaults" Flow="Vivado Synthesis 2017"/>
    <Step Id="synth_design"/>
  </Strategy>
</GenRun>
